fichier;nom;site;categorie;couleur
dragoparis.fr/originaux/broche/secrétaire.jpg;secrétaire;dragoparis.fr;broche;couleurs
dragoparis.fr/originaux/broche/trésorier.jpg;trésorier;dragoparis.fr;broche;couleurs
dragoparis.fr/originaux/broche/vice_président.jpg;vice président;dragoparis.fr;broche;couleurs
dragoparis.fr/originaux/chiffres/0.jpg;0;dragoparis.fr;chiffres;or
dragoparis.fr/originaux/chiffres/1.jpg;1;dragoparis.fr;chiffres;or
dragoparis.fr/originaux/chiffres/2.jpg;2;dragoparis.fr;chiffres;or
dragoparis.fr/originaux/chiffres/3.jpg;3;dragoparis.fr;chiffres;or
dragoparis.fr/originaux/chiffres/4.jpg;4;dragoparis.fr;chiffres;or
dragoparis.fr/originaux/chiffres/5.jpg;5;dragoparis.fr;chiffres;or
dragoparis.fr/originaux/chiffres/6.jpg;6;dragoparis.fr;chiffres;or
dragoparis.fr/originaux/chiffres/7.jpg;7;dragoparis.fr;chiffres;or
dragoparis.fr/originaux/chiffres/8.jpg;8;dragoparis.fr;chiffres;or
dragoparis.fr/originaux/chiffres/9.jpg;9;dragoparis.fr;chiffres;or
dragoparis.fr/originaux/insignes/abeille.jpg;abeille;dragoparis.fr;insignes;or
dragoparis.fr/originaux/insignes/aigle.jpg;aigle;dragoparis.fr;insignes;or
dragoparis.fr/originaux/insignes/ancre.jpg;ancre;dragoparis.fr;insignes;or
dragoparis.fr/originaux/insignes/bacchus.jpg;bacchus;dragoparis.fr;insignes;or
dragoparis.fr/originaux/insignes/balance.jpg;balance;dragoparis.fr;insignes;or
dragoparis.fr/originaux/insignes/Bouteille_de_bordeau.jpg;Bouteille de bordeau;dragoparis.fr;insignes;or
dragoparis.fr/originaux/insignes/bouteille_de_champagne.jpg;bouteille de champagne;dragoparis.fr;insignes;or
dragoparis.fr/originaux/insignes/caducée_commerce.jpg;caducée commerce;dragoparis.fr;insignes;or
dragoparis.fr/originaux/insignes/caducée_médecine.jpg;caducée médecine;dragoparis.fr;insignes;or
dragoparis.fr/originaux/insignes/chameau.jpg;chameau;dragoparis.fr;insignes;or
dragoparis.fr/originaux/insignes/chouette.jpg;chouette;dragoparis.fr;insignes;or
dragoparis.fr/originaux/insignes/ciseaux.jpg;ciseaux;dragoparis.fr;insignes;or
dragoparis.fr/originaux/insignes/cochon.jpg;cochon;dragoparis.fr;insignes;or
dragoparis.fr/originaux/insignes/comète.jpg;comète;dragoparis.fr;insignes;or
dragoparis.fr/originaux/insignes/coq.jpg;coq;dragoparis.fr;insignes;or
dragoparis.fr/originaux/insignes/cornue_et_ballon.jpg;cornue et ballon;dragoparis.fr;insignes;or
dragoparis.fr/originaux/insignes/cor_de_chasse.jpg;cor de chasse;dragoparis.fr;insignes;or
dragoparis.fr/originaux/insignes/double_palme.jpg;double palme;dragoparis.fr;insignes;or
dragoparis.fr/originaux/insignes/equerre_et_compas.jpg;equerre et compas;dragoparis.fr;insignes;or
dragoparis.fr/originaux/insignes/faux.jpg;faux;dragoparis.fr;insignes;or
dragoparis.fr/originaux/insignes/fer_à_cheval.jpg;fer à cheval;dragoparis.fr;insignes;or
dragoparis.fr/originaux/insignes/feuille_de_vigne.jpg;feuille de vigne;dragoparis.fr;insignes;or
dragoparis.fr/originaux/insignes/fleur_de_lys.jpg;fleur de lys;dragoparis.fr;insignes;or
dragoparis.fr/originaux/insignes/flèche.jpg;flèche;dragoparis.fr;insignes;or
dragoparis.fr/originaux/insignes/fourchette.jpg;fourchette;dragoparis.fr;insignes;or
dragoparis.fr/originaux/insignes/grappe_de_raisin.jpg;grappe de raisin;dragoparis.fr;insignes;or
dragoparis.fr/originaux/insignes/grenouille.jpg;grenouille;dragoparis.fr;insignes;or
dragoparis.fr/originaux/insignes/lime.jpg;lime;dragoparis.fr;insignes;or
dragoparis.fr/originaux/insignes/lion.jpg;lion;dragoparis.fr;insignes;or
dragoparis.fr/originaux/insignes/livre_ouvert_et_plume.jpg;livre ouvert et plume;dragoparis.fr;insignes;or
dragoparis.fr/originaux/insignes/lune.jpg;lune;dragoparis.fr;insignes;or
dragoparis.fr/originaux/insignes/lyre.jpg;lyre;dragoparis.fr;insignes;or
dragoparis.fr/originaux/insignes/marteau_et_maillet.jpg;marteau et maillet;dragoparis.fr;insignes;or
dragoparis.fr/originaux/insignes/molaire.jpg;molaire;dragoparis.fr;insignes;or
dragoparis.fr/originaux/insignes/palette_de_peinture.jpg;palette de peinture;dragoparis.fr;insignes;or
dragoparis.fr/originaux/insignes/palme_croisée_chêne_et_laurier.jpg;palme croisée chêne et laurier;dragoparis.fr;insignes;or
dragoparis.fr/originaux/insignes/palme_large.jpg;palme large;dragoparis.fr;insignes;or
dragoparis.fr/originaux/insignes/palme_simple.jpg;palme simple;dragoparis.fr;insignes;or
dragoparis.fr/originaux/insignes/parapluie_fermé.jpg;parapluie fermé;dragoparis.fr;insignes;or
dragoparis.fr/originaux/insignes/plume.jpg;plume;dragoparis.fr;insignes;or
dragoparis.fr/originaux/insignes/poule.jpg;poule;dragoparis.fr;insignes;or
dragoparis.fr/originaux/insignes/rose.jpg;rose;dragoparis.fr;insignes;or
dragoparis.fr/originaux/insignes/roue_dentée.jpg;roue dentée;dragoparis.fr;insignes;or
dragoparis.fr/originaux/insignes/sanglier.jpg;sanglier;dragoparis.fr;insignes;or
dragoparis.fr/originaux/insignes/sphinx.jpg;sphinx;dragoparis.fr;insignes;or
dragoparis.fr/originaux/insignes/squelette.jpg;squelette;dragoparis.fr;insignes;or
dragoparis.fr/originaux/insignes/tête_de_cheval.jpg;tête de cheval;dragoparis.fr;insignes;or
dragoparis.fr/originaux/insignes/tête_de_mort.jpg;tête de mort;dragoparis.fr;insignes;or
dragoparis.fr/originaux/insignes/tête_de_mort_et_femurs_croisés.jpg;tête de mort et femurs croisés;dragoparis.fr;insignes;or
dragoparis.fr/originaux/insignes/tête_de_vache.jpg;tête de vache;dragoparis.fr;insignes;or
dragoparis.fr/originaux/insignes/épi_de_blé.jpg;épi de blé;dragoparis.fr;insignes;or
dragoparis.fr/originaux/insignes/épi_de_blé_et_faucille.jpg;épi de blé et faucille;dragoparis.fr;insignes;or
dragoparis.fr/originaux/insignes/épée.jpg;épée;dragoparis.fr;insignes;or
dragoparis.fr/originaux/insignes/étoile_et_foudre.jpg;étoile et foudre;dragoparis.fr;insignes;or
dragoparis.fr/originaux/insignes/étoile_grande.jpg;étoile grande;dragoparis.fr;insignes;or
dragoparis.fr/originaux/insignes/étoile_petite.jpg;étoile petite;dragoparis.fr;insignes;or
dragoparis.fr/originaux/insignes_argent/grenouille_argentée.jpg;grenouille argentée;dragoparis.fr;insignes;argent
dragoparis.fr/originaux/insignes_argent/étoile_grande_argentée.jpg;étoile grande argentée;dragoparis.fr;insignes;argent
dragoparis.fr/originaux/insignes_argent/étoile_petite_argentée.jpg;étoile petite argentée;dragoparis.fr;insignes;argent
dragoparis.fr/originaux/lettres/A.jpg;A;dragoparis.fr;lettres;or
dragoparis.fr/originaux/lettres/B.jpg;B;dragoparis.fr;lettres;or
dragoparis.fr/originaux/lettres/C.jpg;C;dragoparis.fr;lettres;or
dragoparis.fr/originaux/lettres/D.jpg;D;dragoparis.fr;lettres;or
dragoparis.fr/originaux/lettres/E.jpg;E;dragoparis.fr;lettres;or
dragoparis.fr/originaux/lettres/F.jpg;F;dragoparis.fr;lettres;or
dragoparis.fr/originaux/lettres/G.jpg;G;dragoparis.fr;lettres;or
dragoparis.fr/originaux/lettres/H.jpg;H;dragoparis.fr;lettres;or
dragoparis.fr/originaux/lettres/I.jpg;I;dragoparis.fr;lettres;or
dragoparis.fr/originaux/lettres/J.jpg;J;dragoparis.fr;lettres;or
dragoparis.fr/originaux/lettres/K.jpg;K;dragoparis.fr;lettres;or
dragoparis.fr/originaux/lettres/L.jpg;L;dragoparis.fr;lettres;or
dragoparis.fr/originaux/lettres/M.jpg;M;dragoparis.fr;lettres;or
dragoparis.fr/originaux/lettres/N.jpg;N;dragoparis.fr;lettres;or
dragoparis.fr/originaux/lettres/O.jpg;O;dragoparis.fr;lettres;or
dragoparis.fr/originaux/lettres/P.jpg;P;dragoparis.fr;lettres;or
dragoparis.fr/originaux/lettres/Q.jpg;Q;dragoparis.fr;lettres;or
dragoparis.fr/originaux/lettres/R.jpg;R;dragoparis.fr;lettres;or
dragoparis.fr/originaux/lettres/S.jpg;S;dragoparis.fr;lettres;or
dragoparis.fr/originaux/lettres/T.jpg;T;dragoparis.fr;lettres;or
dragoparis.fr/originaux/lettres/U.jpg;U;dragoparis.fr;lettres;or
dragoparis.fr/originaux/lettres/V.jpg;V;dragoparis.fr;lettres;or
dragoparis.fr/originaux/lettres/W.jpg;W;dragoparis.fr;lettres;or
dragoparis.fr/originaux/lettres/X.jpg;X;dragoparis.fr;lettres;or
dragoparis.fr/originaux/lettres/Y.jpg;Y;dragoparis.fr;lettres;or
dragoparis.fr/originaux/lettres/Z.jpg;Z;dragoparis.fr;lettres;or
dragoparis.fr/originaux/lettres_greques/bêta.jpg;bêta;dragoparis.fr;Lettres greques;or
dragoparis.fr/originaux/lettres_greques/delta.jpg;delta;dragoparis.fr;Lettres greques;or
dragoparis.fr/originaux/lettres_greques/epsilon.jpg;epsilon;dragoparis.fr;Lettres greques;or
dragoparis.fr/originaux/lettres_greques/gamma.jpg;gamma;dragoparis.fr;Lettres greques;or
dragoparis.fr/originaux/lettres_greques/mu.jpg;mu;dragoparis.fr;Lettres greques;or
dragoparis.fr/originaux/lettres_greques/phi.jpg;phi;dragoparis.fr;Lettres greques;or
dragoparis.fr/originaux/lettres_greques/psi.jpg;psi;dragoparis.fr;Lettres greques;or
dragoparis.fr/originaux/lettres_greques/rhô.jpg;rhô;dragoparis.fr;Lettres greques;or
dragoparis.fr/originaux/lettres_greques/sigma.jpg;sigma;dragoparis.fr;Lettres greques;or
dragoparis.fr/originaux/potager/betterave.jpg;betterave;dragoparis.fr;potager;couleurs
dragoparis.fr/originaux/potager/carotte.jpg;carotte;dragoparis.fr;potager;couleurs
dragoparis.fr/originaux/potager/navet.jpg;navet;dragoparis.fr;potager;couleurs
dragoparis.fr/originaux/potager/poireau.jpg;poireau;dragoparis.fr;potager;couleurs
folygraphie.com/originaux/belgique/2_sexes.jpg;2 sexes;folygraphie.com;insiges belges;or
folygraphie.com/originaux/belgique/aigle_germain.jpg;aigle germain;folygraphie.com;insiges belges;or
folygraphie.com/originaux/belgique/alambic.jpg;alambic;folygraphie.com;insiges belges;or
folygraphie.com/originaux/belgique/ane_cadichon.jpg;ane cadichon;folygraphie.com;insiges belges;or
folygraphie.com/originaux/belgique/anneaux_olympiques_couleurs.jpg;anneaux olympiques couleurs;folygraphie.com;insiges belges;or
folygraphie.com/originaux/belgique/arobase.jpg;arobase;folygraphie.com;insiges belges;or
folygraphie.com/originaux/belgique/bacchus.jpg;bacchus;folygraphie.com;insiges belges;or
folygraphie.com/originaux/belgique/bacchus_argent.jpg;bacchus argent;folygraphie.com;insiges belges;or
folygraphie.com/originaux/belgique/ballon_et_cornu.jpg;ballon et cornu;folygraphie.com;insiges belges;or
folygraphie.com/originaux/belgique/bobine.jpg;bobine;folygraphie.com;insiges belges;or
folygraphie.com/originaux/belgique/bobine_et_eclairs.jpg;bobine et eclairs;folygraphie.com;insiges belges;or
folygraphie.com/originaux/belgique/boulon_argent.jpg;boulon argent;folygraphie.com;insiges belges;or
folygraphie.com/originaux/belgique/bourse.jpg;bourse;folygraphie.com;insiges belges;or
folygraphie.com/originaux/belgique/cadenas.jpg;cadenas;folygraphie.com;insiges belges;or
folygraphie.com/originaux/belgique/caducee_psychologie.jpg;caducee psychologie;folygraphie.com;insiges belges;or
folygraphie.com/originaux/belgique/caducée_d_hermes.jpg;caducée d hermes;folygraphie.com;insiges belges;or
folygraphie.com/originaux/belgique/caducée_kinisitherapie.jpg;caducée kinisitherapie;folygraphie.com;insiges belges;or
folygraphie.com/originaux/belgique/caducée_médecine_2.jpg;caducée médecine 2;folygraphie.com;insiges belges;or
folygraphie.com/originaux/belgique/caducée_veterinaire.jpg;caducée veterinaire;folygraphie.com;insiges belges;or
folygraphie.com/originaux/belgique/calice.jpg;calice;folygraphie.com;insiges belges;or
folygraphie.com/originaux/belgique/cartes.jpg;cartes;folygraphie.com;insiges belges;or
folygraphie.com/originaux/belgique/cerf.jpg;cerf;folygraphie.com;insiges belges;or
folygraphie.com/originaux/belgique/chameau.jpg;chameau;folygraphie.com;insiges belges;or
folygraphie.com/originaux/belgique/charrue.jpg;charrue;folygraphie.com;insiges belges;or
folygraphie.com/originaux/belgique/chope.jpg;chope;folygraphie.com;insiges belges;or
folygraphie.com/originaux/belgique/clés.jpg;clés;folygraphie.com;insiges belges;or
folygraphie.com/originaux/belgique/coq_wallon.jpg;coq wallon;folygraphie.com;insiges belges;or
folygraphie.com/originaux/belgique/couronne.jpg;couronne;folygraphie.com;insiges belges;or
folygraphie.com/originaux/belgique/couronne_argent.jpg;couronne argent;folygraphie.com;insiges belges;or
folygraphie.com/originaux/belgique/crabe.jpg;crabe;folygraphie.com;insiges belges;or
folygraphie.com/originaux/belgique/djandjan.jpg;djandjan;folygraphie.com;insiges belges;or
folygraphie.com/originaux/belgique/dé.jpg;dé;folygraphie.com;insiges belges;or
folygraphie.com/originaux/belgique/escargot.jpg;escargot;folygraphie.com;insiges belges;or
folygraphie.com/originaux/belgique/flambeaux_entrecroises.jpg;flambeaux entrecroises;folygraphie.com;insiges belges;or
folygraphie.com/originaux/belgique/gazelle.jpg;gazelle;folygraphie.com;insiges belges;or
folygraphie.com/originaux/belgique/girafe.jpg;girafe;folygraphie.com;insiges belges;or
folygraphie.com/originaux/belgique/grenouille_argent.jpg;grenouille argent;folygraphie.com;insiges belges;or
folygraphie.com/originaux/belgique/homard.jpg;homard;folygraphie.com;insiges belges;or
folygraphie.com/originaux/belgique/hure.jpg;hure;folygraphie.com;insiges belges;or
folygraphie.com/originaux/belgique/kangourou.jpg;kangourou;folygraphie.com;insiges belges;or
folygraphie.com/originaux/belgique/koala.jpg;koala;folygraphie.com;insiges belges;or
folygraphie.com/originaux/belgique/le_fou.jpg;le fou;folygraphie.com;insiges belges;or
folygraphie.com/originaux/belgique/licorne.jpg;licorne;folygraphie.com;insiges belges;or
folygraphie.com/originaux/belgique/locomotive.jpg;locomotive;folygraphie.com;insiges belges;or
folygraphie.com/originaux/belgique/mains_serrees.jpg;mains serrees;folygraphie.com;insiges belges;or
folygraphie.com/originaux/belgique/manneken_pis.jpg;manneken pis;folygraphie.com;insiges belges;or
folygraphie.com/originaux/belgique/marteau_compas_piolet.jpg;marteau compas piolet;folygraphie.com;insiges belges;or
folygraphie.com/originaux/belgique/masques_de_comedie.jpg;masques de comedie;folygraphie.com;insiges belges;or
folygraphie.com/originaux/belgique/palmier.jpg;palmier;folygraphie.com;insiges belges;or
folygraphie.com/originaux/belgique/papillon.jpg;papillon;folygraphie.com;insiges belges;or
folygraphie.com/originaux/belgique/perron_liegeois.jpg;perron liegeois;folygraphie.com;insiges belges;or
folygraphie.com/originaux/belgique/perroquet_sur_perchoir.jpg;perroquet sur perchoir;folygraphie.com;insiges belges;or
folygraphie.com/originaux/belgique/piolets_doubles_et_croises.jpg;piolets doubles et croises;folygraphie.com;insiges belges;or
folygraphie.com/originaux/belgique/poignard.jpg;poignard;folygraphie.com;insiges belges;or
folygraphie.com/originaux/belgique/polytechnique.jpg;polytechnique;folygraphie.com;insiges belges;or
folygraphie.com/originaux/belgique/polytechnique_argent.jpg;polytechnique argent;folygraphie.com;insiges belges;or
folygraphie.com/originaux/belgique/rat.jpg;rat;folygraphie.com;insiges belges;or
folygraphie.com/originaux/belgique/sabot.jpg;sabot;folygraphie.com;insiges belges;or
folygraphie.com/originaux/belgique/singe_du_grand_garde.jpg;singe du grand garde;folygraphie.com;insiges belges;or
folygraphie.com/originaux/belgique/skis.jpg;skis;folygraphie.com;insiges belges;or
folygraphie.com/originaux/belgique/solvay.jpg;solvay;folygraphie.com;insiges belges;or
folygraphie.com/originaux/belgique/squelette.jpg;squelette;folygraphie.com;insiges belges;or
folygraphie.com/originaux/belgique/tambour.jpg;tambour;folygraphie.com;insiges belges;or
folygraphie.com/originaux/belgique/telephone.jpg;telephone;folygraphie.com;insiges belges;or
folygraphie.com/originaux/belgique/tete_de_buffle.jpg;tete de buffle;folygraphie.com;insiges belges;or
folygraphie.com/originaux/belgique/tete_de_loup_de_face.jpg;tete de loup de face;folygraphie.com;insiges belges;or
folygraphie.com/originaux/belgique/tete_de_loup_de_profil.jpg;tete de loup de profil;folygraphie.com;insiges belges;or
folygraphie.com/originaux/belgique/tete_d_indien.jpg;tete d indien;folygraphie.com;insiges belges;or
folygraphie.com/originaux/belgique/tore.jpg;tore;folygraphie.com;insiges belges;or
folygraphie.com/originaux/belgique/trêfle_à_4_feuilles.jpg;trêfle à 4 feuilles;folygraphie.com;insiges belges;or
folygraphie.com/originaux/belgique/tête_de_chaval.jpg;tête de chaval;folygraphie.com;insiges belges;or
folygraphie.com/originaux/belgique/valise.jpg;valise;folygraphie.com;insiges belges;or
folygraphie.com/originaux/belgique/étoile6.jpg;étoile6;folygraphie.com;insiges belges;or
folygraphie.com/originaux/belgique/étoile6_argent.jpg;étoile6 argent;folygraphie.com;insiges belges;argent
folygraphie.com/originaux/belgique/étoile_grande.jpg;étoile grande;folygraphie.com;insiges belges;or
folygraphie.com/originaux/broches/gc.jpg;gc;folygraphie.com;broches;couleurs
folygraphie.com/originaux/broches/gm.jpg;gm;folygraphie.com;broches;couleurs
folygraphie.com/originaux/broches/président.jpg;président;folygraphie.com;broches;couleurs
folygraphie.com/originaux/broches/trésorier.jpg;trésorier;folygraphie.com;broches;couleurs
folygraphie.com/originaux/broches/vice_président.jpg;vice président;folygraphie.com;broches;couleurs
folygraphie.com/originaux/broches/V_FAC02.jpg;V FAC02;folygraphie.com;broches;couleurs
folygraphie.com/originaux/broches/V_FAC03.jpg;V FAC03;folygraphie.com;broches;couleurs
folygraphie.com/originaux/broches/V_FAC04.jpg;V FAC04;folygraphie.com;broches;couleurs
folygraphie.com/originaux/insignes/abeille.jpg;abeille;folygraphie.com;insignes;or
folygraphie.com/originaux/insignes/ancre.JPG;ancre.JPG;folygraphie.com;insignes;or
folygraphie.com/originaux/insignes/araignée.jpg;araignée;folygraphie.com;insignes;or
folygraphie.com/originaux/insignes/bacchus.jpg;bacchus;folygraphie.com;insignes;or
folygraphie.com/originaux/insignes/balance.jpg;balance;folygraphie.com;insignes;or
folygraphie.com/originaux/insignes/bouteille_de_bordeaux.jpg;bouteille de bordeaux;folygraphie.com;insignes;or
folygraphie.com/originaux/insignes/bouteille_de_champagne.jpg;bouteille de champagne;folygraphie.com;insignes;or
folygraphie.com/originaux/insignes/bébé.jpg;bébé;folygraphie.com;insignes;or
folygraphie.com/originaux/insignes/caducée.jpg;caducée;folygraphie.com;insignes;or
folygraphie.com/originaux/insignes/caducée_coupe.jpg;caducée coupe;folygraphie.com;insignes;or
folygraphie.com/originaux/insignes/caducée_mercure.jpg;caducée mercure;folygraphie.com;insignes;or
folygraphie.com/originaux/insignes/caducée_médecine.jpg;caducée médecine;folygraphie.com;insignes;or
folygraphie.com/originaux/insignes/casque_de_périclès.jpg;casque de périclès;folygraphie.com;insignes;or
folygraphie.com/originaux/insignes/chameau.jpg;chameau;folygraphie.com;insignes;or
folygraphie.com/originaux/insignes/chardon.jpg;chardon;folygraphie.com;insignes;or
folygraphie.com/originaux/insignes/chat.jpg;chat;folygraphie.com;insignes;or
folygraphie.com/originaux/insignes/chauve.jpg;chauve;folygraphie.com;insignes;or
folygraphie.com/originaux/insignes/chouette.jpg;chouette;folygraphie.com;insignes;or
folygraphie.com/originaux/insignes/chouette_à_2_tête.jpg;chouette à 2 tête;folygraphie.com;insignes;or
folygraphie.com/originaux/insignes/cigale.jpg;cigale;folygraphie.com;insignes;or
folygraphie.com/originaux/insignes/ciseaux.jpg;ciseaux;folygraphie.com;insignes;or
folygraphie.com/originaux/insignes/clé_de_sol.jpg;clé de sol;folygraphie.com;insignes;or
folygraphie.com/originaux/insignes/cochon.jpg;cochon;folygraphie.com;insignes;or
folygraphie.com/originaux/insignes/cocotte_en_papier.jpg;cocotte en papier;folygraphie.com;insignes;or
folygraphie.com/originaux/insignes/conue_et_balon.jpg;conue et balon;folygraphie.com;insignes;or
folygraphie.com/originaux/insignes/coq (2).jpg;coq (2);folygraphie.com;insignes;or
folygraphie.com/originaux/insignes/coq.jpg;coq;folygraphie.com;insignes;or
folygraphie.com/originaux/insignes/cor_de_chasse.jpg;cor de chasse;folygraphie.com;insignes;or
folygraphie.com/originaux/insignes/croix_d_ankh.jpg;croix d ankh;folygraphie.com;insignes;or
folygraphie.com/originaux/insignes/far_à_cheval.jpg;far à cheval;folygraphie.com;insignes;or
folygraphie.com/originaux/insignes/faux.jpg;faux;folygraphie.com;insignes;or
folygraphie.com/originaux/insignes/feuille_de_vigne.jpg;feuille de vigne;folygraphie.com;insignes;or
folygraphie.com/originaux/insignes/flament_rose.jpg;flament rose;folygraphie.com;insignes;or
folygraphie.com/originaux/insignes/fleur_de_lys.JPG;fleur de lys.JPG;folygraphie.com;insignes;or
folygraphie.com/originaux/insignes/flêche.jpg;flêche;folygraphie.com;insignes;or
folygraphie.com/originaux/insignes/fourchette.jpg;fourchette;folygraphie.com;insignes;or
folygraphie.com/originaux/insignes/fourchettes_croisées (2).jpg;fourchettes croisées (2);folygraphie.com;insignes;or
folygraphie.com/originaux/insignes/fourchettes_croisées.jpg;fourchettes croisées;folygraphie.com;insignes;or
folygraphie.com/originaux/insignes/globe.jpg;globe;folygraphie.com;insignes;or
folygraphie.com/originaux/insignes/grappe_de_raisin (2).jpg;grappe de raisin (2);folygraphie.com;insignes;or
folygraphie.com/originaux/insignes/grappe_de_raisin.jpg;grappe de raisin;folygraphie.com;insignes;or
folygraphie.com/originaux/insignes/grenouille (2).jpg;grenouille (2);folygraphie.com;insignes;or
folygraphie.com/originaux/insignes/grenouille.jpg;grenouille;folygraphie.com;insignes;or
folygraphie.com/originaux/insignes/guitare.jpg;guitare;folygraphie.com;insignes;or
folygraphie.com/originaux/insignes/hache.jpg;hache;folygraphie.com;insignes;or
folygraphie.com/originaux/insignes/hermine.jpg;hermine;folygraphie.com;insignes;or
folygraphie.com/originaux/insignes/hx.jpg;hx;folygraphie.com;insignes;or
folygraphie.com/originaux/insignes/lime.JPG;lime.JPG;folygraphie.com;insignes;or
folygraphie.com/originaux/insignes/lion.jpg;lion;folygraphie.com;insignes;or
folygraphie.com/originaux/insignes/livre_ouvert_et_plume.jpg;livre ouvert et plume;folygraphie.com;insignes;or
folygraphie.com/originaux/insignes/lune.jpg;lune;folygraphie.com;insignes;or
folygraphie.com/originaux/insignes/lyre.jpg;lyre;folygraphie.com;insignes;or
folygraphie.com/originaux/insignes/mammouth.jpg;mammouth;folygraphie.com;insignes;or
folygraphie.com/originaux/insignes/marteau_et_maillet.jpg;marteau et maillet;folygraphie.com;insignes;or
folygraphie.com/originaux/insignes/menottes.jpg;menottes;folygraphie.com;insignes;or
folygraphie.com/originaux/insignes/molaire.jpg;molaire;folygraphie.com;insignes;or
folygraphie.com/originaux/insignes/moulin.jpg;moulin;folygraphie.com;insignes;or
folygraphie.com/originaux/insignes/nounous.jpg;nounous;folygraphie.com;insignes;or
folygraphie.com/originaux/insignes/p1100323_small.jpg;p1100323 small;folygraphie.com;insignes;or
folygraphie.com/originaux/insignes/palette (2).jpg;palette (2);folygraphie.com;insignes;or
folygraphie.com/originaux/insignes/palette.jpg;palette;folygraphie.com;insignes;or
folygraphie.com/originaux/insignes/palme_double.JPG;palme double.JPG;folygraphie.com;insignes;or
folygraphie.com/originaux/insignes/palme_gande.JPG;palme gande.JPG;folygraphie.com;insignes;or
folygraphie.com/originaux/insignes/palme_petite.JPG;palme petite.JPG;folygraphie.com;insignes;or
folygraphie.com/originaux/insignes/papillon.jpg;papillon;folygraphie.com;insignes;or
folygraphie.com/originaux/insignes/parapluie_fermé (2).jpg;parapluie fermé (2);folygraphie.com;insignes;or
folygraphie.com/originaux/insignes/parapluie_fermé.jpg;parapluie fermé;folygraphie.com;insignes;or
folygraphie.com/originaux/insignes/parapluie_ouvert.jpg;parapluie ouvert;folygraphie.com;insignes;or
folygraphie.com/originaux/insignes/patin_à_roulettes.jpg;patin à roulettes;folygraphie.com;insignes;or
folygraphie.com/originaux/insignes/pendu.jpg;pendu;folygraphie.com;insignes;or
folygraphie.com/originaux/insignes/pensée.jpg;pensée;folygraphie.com;insignes;or
folygraphie.com/originaux/insignes/pigeon.jpg;pigeon;folygraphie.com;insignes;or
folygraphie.com/originaux/insignes/plame_double.jpg;plame double;folygraphie.com;insignes;or
folygraphie.com/originaux/insignes/plume (2).JPG;plume (2).JPG;folygraphie.com;insignes;or
folygraphie.com/originaux/insignes/plume.jpg;plume;folygraphie.com;insignes;or
folygraphie.com/originaux/insignes/poule.jpg;poule;folygraphie.com;insignes;or
folygraphie.com/originaux/insignes/poulpe.jpg;poulpe;folygraphie.com;insignes;or
folygraphie.com/originaux/insignes/raquette_de_tennis.jpg;raquette de tennis;folygraphie.com;insignes;or
folygraphie.com/originaux/insignes/rose (2).jpg;rose (2);folygraphie.com;insignes;or
folygraphie.com/originaux/insignes/rose.jpg;rose;folygraphie.com;insignes;or
folygraphie.com/originaux/insignes/sanglier.jpg;sanglier;folygraphie.com;insignes;or
folygraphie.com/originaux/insignes/seringue.jpg;seringue;folygraphie.com;insignes;or
folygraphie.com/originaux/insignes/singe.jpg;singe;folygraphie.com;insignes;or
folygraphie.com/originaux/insignes/soleil.jpg;soleil;folygraphie.com;insignes;or
folygraphie.com/originaux/insignes/sous_troué.jpg;sous troué;folygraphie.com;insignes;or
folygraphie.com/originaux/insignes/sphynx.jpg;sphynx;folygraphie.com;insignes;or
folygraphie.com/originaux/insignes/squelette (2).jpg;squelette (2);folygraphie.com;insignes;or
folygraphie.com/originaux/insignes/squelette.jpg;squelette;folygraphie.com;insignes;or
folygraphie.com/originaux/insignes/taste_vin.JPG;taste vin.JPG;folygraphie.com;insignes;or
folygraphie.com/originaux/insignes/tortue.jpg;tortue;folygraphie.com;insignes;or
folygraphie.com/originaux/insignes/tête_de_cheval.jpg;tête de cheval;folygraphie.com;insignes;or
folygraphie.com/originaux/insignes/tête_de_mort.JPG;tête de mort.JPG;folygraphie.com;insignes;or
folygraphie.com/originaux/insignes/tête_de_mort_et_fémurs_croisés.jpg;tête de mort et fémurs croisés;folygraphie.com;insignes;or
folygraphie.com/originaux/insignes/tête_de_vache.JPG;tête de vache.JPG;folygraphie.com;insignes;or
folygraphie.com/originaux/insignes/voilier.jpg;voilier;folygraphie.com;insignes;or
folygraphie.com/originaux/insignes/volant.jpg;volant;folygraphie.com;insignes;or
folygraphie.com/originaux/insignes/écureil.jpg;écureil;folygraphie.com;insignes;or
folygraphie.com/originaux/insignes/éléphant.jpg;éléphant;folygraphie.com;insignes;or
folygraphie.com/originaux/insignes/épi_de_blé_et_faucille.jpg;épi de blé et faucille;folygraphie.com;insignes;or
folygraphie.com/originaux/insignes/épée.jpg;épée;folygraphie.com;insignes;or
folygraphie.com/originaux/insignes/équerre_et_compas.jpg;équerre et compas;folygraphie.com;insignes;or
folygraphie.com/originaux/insignes/étoile.JPG;étoile.JPG;folygraphie.com;insignes;or
folygraphie.com/originaux/insignes/étoile_de_mer.jpg;étoile de mer;folygraphie.com;insignes;or
folygraphie.com/originaux/insignes/étoile_et_foudre.jpg;étoile et foudre;folygraphie.com;insignes;or
folygraphie.com/originaux/insignes/étoile_grande.jpg;étoile grande;folygraphie.com;insignes;or
folygraphie.com/originaux/insignes/étoile_petite.jpg;étoile petite;folygraphie.com;insignes;or
folygraphie.com/originaux/insignes/étoile_petite2.JPG;étoile petite2.JPG;folygraphie.com;insignes;or
folygraphie.com/originaux/insignes_argent/tortue_argent.jpg;tortue argent;folygraphie.com;insignes;argent
folygraphie.com/originaux/insignes_argent/étoile_argent.jpg;étoile argent;folygraphie.com;insignes;argent
folygraphie.com/originaux/insignes_paris/abeille.jpg;abeille;folygraphie.com;insignes;or
folygraphie.com/originaux/insignes_paris/ancre.jpg;ancre;folygraphie.com;insignes;or
folygraphie.com/originaux/insignes_paris/appareil_photo.jpg;appareil photo;folygraphie.com;insignes;or
folygraphie.com/originaux/insignes_paris/bacchus.jpg;bacchus;folygraphie.com;insignes;or
folygraphie.com/originaux/insignes_paris/bacchus_argent.jpg;bacchus argent;folygraphie.com;insignes;argent
folygraphie.com/originaux/insignes_paris/balance.jpg;balance;folygraphie.com;insignes;or
folygraphie.com/originaux/insignes_paris/ballon_et_cornue.jpg;ballon et cornue;folygraphie.com;insignes;or
folygraphie.com/originaux/insignes_paris/bouteille_de_bordeaux.jpg;bouteille de bordeaux;folygraphie.com;insignes;or
folygraphie.com/originaux/insignes_paris/bouteille_de_champagne.jpg;bouteille de champagne;folygraphie.com;insignes;or
folygraphie.com/originaux/insignes_paris/caducée_médecine.jpg;caducée médecine;folygraphie.com;insignes;or
folygraphie.com/originaux/insignes_paris/caducée_pharma.jpg;caducée pharma;folygraphie.com;insignes;or
folygraphie.com/originaux/insignes_paris/canard.jpg;canard;folygraphie.com;insignes;or
folygraphie.com/originaux/insignes_paris/casque_de_périclès.jpg;casque de périclès;folygraphie.com;insignes;or
folygraphie.com/originaux/insignes_paris/chameau.jpg;chameau;folygraphie.com;insignes;or
folygraphie.com/originaux/insignes_paris/chardon_lorrain.jpg;chardon lorrain;folygraphie.com;insignes;or
folygraphie.com/originaux/insignes_paris/chauve_souris.jpg;chauve souris;folygraphie.com;insignes;or
folygraphie.com/originaux/insignes_paris/chope.jpg;chope;folygraphie.com;insignes;or
folygraphie.com/originaux/insignes_paris/chouette.jpg;chouette;folygraphie.com;insignes;or
folygraphie.com/originaux/insignes_paris/cigogne.jpg;cigogne;folygraphie.com;insignes;or
folygraphie.com/originaux/insignes_paris/ciseaux.jpg;ciseaux;folygraphie.com;insignes;or
folygraphie.com/originaux/insignes_paris/clé_de_sol.jpg;clé de sol;folygraphie.com;insignes;or
folygraphie.com/originaux/insignes_paris/cochon.jpg;cochon;folygraphie.com;insignes;or
folygraphie.com/originaux/insignes_paris/cocotte_en_papier.jpg;cocotte en papier;folygraphie.com;insignes;or
folygraphie.com/originaux/insignes_paris/comete.jpg;comete;folygraphie.com;insignes;or
folygraphie.com/originaux/insignes_paris/compas_et_equerre.jpg;compas et equerre;folygraphie.com;insignes;or
folygraphie.com/originaux/insignes_paris/coq.jpg;coq;folygraphie.com;insignes;or
folygraphie.com/originaux/insignes_paris/cor_de_chasse.jpg;cor de chasse;folygraphie.com;insignes;or
folygraphie.com/originaux/insignes_paris/croix_d_ankh.jpg;croix d ankh;folygraphie.com;insignes;or
folygraphie.com/originaux/insignes_paris/dent.jpg;dent;folygraphie.com;insignes;or
folygraphie.com/originaux/insignes_paris/epsilon.jpg;epsilon;folygraphie.com;insignes;or
folygraphie.com/originaux/insignes_paris/escargot.jpg;escargot;folygraphie.com;insignes;or
folygraphie.com/originaux/insignes_paris/faux.jpg;faux;folygraphie.com;insignes;or
folygraphie.com/originaux/insignes_paris/fer_a_cheval.jpg;fer a cheval;folygraphie.com;insignes;or
folygraphie.com/originaux/insignes_paris/feuille_de_vigne.jpg;feuille de vigne;folygraphie.com;insignes;or
folygraphie.com/originaux/insignes_paris/flêche.jpg;flêche;folygraphie.com;insignes;or
folygraphie.com/originaux/insignes_paris/fourchette.jpg;fourchette;folygraphie.com;insignes;or
folygraphie.com/originaux/insignes_paris/globe.jpg;globe;folygraphie.com;insignes;or
folygraphie.com/originaux/insignes_paris/grappe_de_raisin.jpg;grappe de raisin;folygraphie.com;insignes;or
folygraphie.com/originaux/insignes_paris/grenouille.jpg;grenouille;folygraphie.com;insignes;or
folygraphie.com/originaux/insignes_paris/grenouille_argent.jpg;grenouille argent;folygraphie.com;insignes;argent
folygraphie.com/originaux/insignes_paris/hache.jpg;hache;folygraphie.com;insignes;or
folygraphie.com/originaux/insignes_paris/hermine.jpg;hermine;folygraphie.com;insignes;or
folygraphie.com/originaux/insignes_paris/homard.jpg;homard;folygraphie.com;insignes;or
folygraphie.com/originaux/insignes_paris/hyppocampe.jpg;hyppocampe;folygraphie.com;insignes;or
folygraphie.com/originaux/insignes_paris/lanterne.jpg;lanterne;folygraphie.com;insignes;or
folygraphie.com/originaux/insignes_paris/lime.jpg;lime;folygraphie.com;insignes;or
folygraphie.com/originaux/insignes_paris/lion_heraldique.jpg;lion heraldique;folygraphie.com;insignes;or
folygraphie.com/originaux/insignes_paris/livre_ouvert_et_plume.jpg;livre ouvert et plume;folygraphie.com;insignes;or
folygraphie.com/originaux/insignes_paris/lorgnons.jpg;lorgnons;folygraphie.com;insignes;or
folygraphie.com/originaux/insignes_paris/loutre.jpg;loutre;folygraphie.com;insignes;or
folygraphie.com/originaux/insignes_paris/lyre.jpg;lyre;folygraphie.com;insignes;or
folygraphie.com/originaux/insignes_paris/marteau_et_maillet.jpg;marteau et maillet;folygraphie.com;insignes;or
folygraphie.com/originaux/insignes_paris/masque.jpg;masque;folygraphie.com;insignes;or
folygraphie.com/originaux/insignes_paris/nounours.jpg;nounours;folygraphie.com;insignes;or
folygraphie.com/originaux/insignes_paris/orchidée.jpg;orchidée;folygraphie.com;insignes;or
folygraphie.com/originaux/insignes_paris/ours.jpg;ours;folygraphie.com;insignes;or
folygraphie.com/originaux/insignes_paris/palette.jpg;palette;folygraphie.com;insignes;or
folygraphie.com/originaux/insignes_paris/palmes_croisées.jpg;palmes croisées;folygraphie.com;insignes;or
folygraphie.com/originaux/insignes_paris/palmes_double.jpg;palmes double;folygraphie.com;insignes;or
folygraphie.com/originaux/insignes_paris/palme_grande.jpg;palme grande;folygraphie.com;insignes;or
folygraphie.com/originaux/insignes_paris/palme_large.jpg;palme large;folygraphie.com;insignes;or
folygraphie.com/originaux/insignes_paris/palme_petite.jpg;palme petite;folygraphie.com;insignes;or
folygraphie.com/originaux/insignes_paris/parapluie_fermé.jpg;parapluie fermé;folygraphie.com;insignes;or
folygraphie.com/originaux/insignes_paris/parapluie_ouvert.jpg;parapluie ouvert;folygraphie.com;insignes;or
folygraphie.com/originaux/insignes_paris/pensée.jpg;pensée;folygraphie.com;insignes;or
folygraphie.com/originaux/insignes_paris/plume.jpg;plume;folygraphie.com;insignes;or
folygraphie.com/originaux/insignes_paris/poule.jpg;poule;folygraphie.com;insignes;or
folygraphie.com/originaux/insignes_paris/quille.jpg;quille;folygraphie.com;insignes;or
folygraphie.com/originaux/insignes_paris/raquette.jpg;raquette;folygraphie.com;insignes;or
folygraphie.com/originaux/insignes_paris/rose.jpg;rose;folygraphie.com;insignes;or
folygraphie.com/originaux/insignes_paris/sanglier.jpg;sanglier;folygraphie.com;insignes;or
folygraphie.com/originaux/insignes_paris/scie.jpg;scie;folygraphie.com;insignes;or
folygraphie.com/originaux/insignes_paris/serpent.jpg;serpent;folygraphie.com;insignes;or
folygraphie.com/originaux/insignes_paris/singe.jpg;singe;folygraphie.com;insignes;or
folygraphie.com/originaux/insignes_paris/ski.jpg;ski;folygraphie.com;insignes;or
folygraphie.com/originaux/insignes_paris/soleil.jpg;soleil;folygraphie.com;insignes;or
folygraphie.com/originaux/insignes_paris/sous_troué.jpg;sous troué;folygraphie.com;insignes;or
folygraphie.com/originaux/insignes_paris/sphinx.jpg;sphinx;folygraphie.com;insignes;or
folygraphie.com/originaux/insignes_paris/squelette.jpg;squelette;folygraphie.com;insignes;or
folygraphie.com/originaux/insignes_paris/taste_vin.jpg;taste vin;folygraphie.com;insignes;or
folygraphie.com/originaux/insignes_paris/tortue.jpg;tortue;folygraphie.com;insignes;or
folygraphie.com/originaux/insignes_paris/tortue_argent.jpg;tortue argent;folygraphie.com;insignes;argent
folygraphie.com/originaux/insignes_paris/tête_de_mort.jpg;tête de mort;folygraphie.com;insignes;or
folygraphie.com/originaux/insignes_paris/tête_de_mort_fémurs_croisés.jpg;tête de mort fémurs croisés;folygraphie.com;insignes;or
folygraphie.com/originaux/insignes_paris/tête_de_mort_fémurs_croisés_argent.jpg;tête de mort fémurs croisés argent;folygraphie.com;insignes;argent
folygraphie.com/originaux/insignes_paris/tête_de_vache.jpg;tête de vache;folygraphie.com;insignes;or
folygraphie.com/originaux/insignes_paris/voilier.jpg;voilier;folygraphie.com;insignes;or
folygraphie.com/originaux/insignes_paris/volant.jpg;volant;folygraphie.com;insignes;or
folygraphie.com/originaux/insignes_paris/éléphant.jpg;éléphant;folygraphie.com;insignes;or
folygraphie.com/originaux/insignes_paris/épervier.jpg;épervier;folygraphie.com;insignes;or
folygraphie.com/originaux/insignes_paris/épi_de_blé.jpg;épi de blé;folygraphie.com;insignes;or
folygraphie.com/originaux/insignes_paris/épi_de_blé_et_faucille.jpg;épi de blé et faucille;folygraphie.com;insignes;or
folygraphie.com/originaux/insignes_paris/épée.jpg;épée;folygraphie.com;insignes;or
folygraphie.com/originaux/insignes_paris/étoile_et_foudre.jpg;étoile et foudre;folygraphie.com;insignes;or
folygraphie.com/originaux/lettres_greques/bêta.jpg;bêta;folygraphie.com;Lettres greques;or
folygraphie.com/originaux/lettres_greques/epsilon.jpg;epsilon;folygraphie.com;Lettres greques;or
folygraphie.com/originaux/lettres_greques/gamma.jpg;gamma;folygraphie.com;Lettres greques;or
folygraphie.com/originaux/lettres_greques/phi.jpg;phi;folygraphie.com;Lettres greques;or
folygraphie.com/originaux/lettres_greques/pi.JPG;pi.JPG;folygraphie.com;Lettres greques;or
folygraphie.com/originaux/lettres_greques/psi.jpg;psi;folygraphie.com;Lettres greques;or
folygraphie.com/originaux/potager/betterave.jpg;betterave;folygraphie.com;potager;couleurs
folygraphie.com/originaux/potager/carotte.jpg;carotte;folygraphie.com;potager;couleurs
folygraphie.com/originaux/potager/chou_fleur.jpg;chou fleur;folygraphie.com;potager;couleurs
folygraphie.com/originaux/potager/navet.jpg;navet;folygraphie.com;potager;couleurs
folygraphie.com/originaux/potager/poireau.jpg;poireau;folygraphie.com;potager;couleurs
folygraphie.com/originaux/potager/tomate.jpg;tomate;folygraphie.com;potager;couleurs
folygraphie.com/originaux/x/69.JPG;69.JPG;folygraphie.com;x;or
folygraphie.com/originaux/x/flying_foufoune.JPG;flying foufoune.JPG;folygraphie.com;x;or
folygraphie.com/originaux/x/flying_penis.JPG;flying penis.JPG;folygraphie.com;x;or
folygraphie.com/originaux/x/levrette.JPG;levrette.JPG;folygraphie.com;x;or
folygraphie.com/originaux/x/priape.jpg;priape;folygraphie.com;x;or
folygraphie.com/originaux/zodiaque/balance.jpg;balance;folygraphie.com;zodiaque;or
folygraphie.com/originaux/zodiaque/belier.jpg;belier;folygraphie.com;zodiaque;or
folygraphie.com/originaux/zodiaque/belier_tête.jpg;belier tête;folygraphie.com;zodiaque;or
folygraphie.com/originaux/zodiaque/cancer.jpg;cancer;folygraphie.com;zodiaque;or
folygraphie.com/originaux/zodiaque/capricorne.jpg;capricorne;folygraphie.com;zodiaque;or
folygraphie.com/originaux/zodiaque/gemeaux.jpg;gemeaux;folygraphie.com;zodiaque;or
folygraphie.com/originaux/zodiaque/gemeaux2.jpg;gemeaux2;folygraphie.com;zodiaque;or
folygraphie.com/originaux/zodiaque/lion.jpg;lion;folygraphie.com;zodiaque;or
folygraphie.com/originaux/zodiaque/lion2.jpg;lion2;folygraphie.com;zodiaque;or
folygraphie.com/originaux/zodiaque/poisson.jpg;poisson;folygraphie.com;zodiaque;or
folygraphie.com/originaux/zodiaque/poisson2.jpg;poisson2;folygraphie.com;zodiaque;or
folygraphie.com/originaux/zodiaque/sagittaire.jpg;sagittaire;folygraphie.com;zodiaque;or
folygraphie.com/originaux/zodiaque/sagittaire2.jpg;sagittaire2;folygraphie.com;zodiaque;or
folygraphie.com/originaux/zodiaque/scorpion.jpg;scorpion;folygraphie.com;zodiaque;or
folygraphie.com/originaux/zodiaque/scorpion2.jpg;scorpion2;folygraphie.com;zodiaque;or
folygraphie.com/originaux/zodiaque/taureau.jpg;taureau;folygraphie.com;zodiaque;or
folygraphie.com/originaux/zodiaque/taureau2.jpg;taureau2;folygraphie.com;zodiaque;or
folygraphie.com/originaux/zodiaque/verseau.jpg;verseau;folygraphie.com;zodiaque;or
folygraphie.com/originaux/zodiaque/verseau2.jpg;verseau2;folygraphie.com;zodiaque;or
folygraphie.com/originaux/zodiaque/vierge.jpg;vierge;folygraphie.com;zodiaque;or
folygraphie.com/originaux/zodiaque_chinois/cheval.jpg;cheval;folygraphie.com;Zodiaque chinois;or
folygraphie.com/originaux/zodiaque_chinois/chevre.jpg;chevre;folygraphie.com;Zodiaque chinois;or
folygraphie.com/originaux/zodiaque_chinois/chien.jpg;chien;folygraphie.com;Zodiaque chinois;or
folygraphie.com/originaux/zodiaque_chinois/cochon.jpg;cochon;folygraphie.com;Zodiaque chinois;or
folygraphie.com/originaux/zodiaque_chinois/coq.jpg;coq;folygraphie.com;Zodiaque chinois;or
folygraphie.com/originaux/zodiaque_chinois/dragon.jpg;dragon;folygraphie.com;Zodiaque chinois;or
folygraphie.com/originaux/zodiaque_chinois/lievre.jpg;lievre;folygraphie.com;Zodiaque chinois;or
folygraphie.com/originaux/zodiaque_chinois/rat.jpg;rat;folygraphie.com;Zodiaque chinois;or
folygraphie.com/originaux/zodiaque_chinois/serpent.jpg;serpent;folygraphie.com;Zodiaque chinois;or
folygraphie.com/originaux/zodiaque_chinois/singe.jpg;singe;folygraphie.com;Zodiaque chinois;or
folygraphie.com/originaux/zodiaque_chinois/taureau.jpg;taureau;folygraphie.com;Zodiaque chinois;or
folygraphie.com/originaux/zodiaque_chinois/tigre.jpg;tigre;folygraphie.com;Zodiaque chinois;or
ma-faluche.fr/originaux/broches/gc.jpg;gc;ma-faluche.fr;broches;couleurs
ma-faluche.fr/originaux/broches/gm.jpg;gm;ma-faluche.fr;broches;couleurs
ma-faluche.fr/originaux/broches/président.jpg;président;ma-faluche.fr;broches;couleurs
ma-faluche.fr/originaux/broches/secrétaire.jpg;secrétaire;ma-faluche.fr;broches;couleurs
ma-faluche.fr/originaux/broches/trésorier.jpg;trésorier;ma-faluche.fr;broches;couleurs
ma-faluche.fr/originaux/broches/vice_président.jpg;vice président;ma-faluche.fr;broches;couleurs
ma-faluche.fr/originaux/insignes/abeille.jpg;abeille;ma-faluche.fr;insignes;or
ma-faluche.fr/originaux/insignes/ancre.jpg;ancre;ma-faluche.fr;insignes;or
ma-faluche.fr/originaux/insignes/bacchus.jpg;bacchus;ma-faluche.fr;insignes;or
ma-faluche.fr/originaux/insignes/ballon_de_foot.jpg;ballon de foot;ma-faluche.fr;insignes;or
ma-faluche.fr/originaux/insignes/bouteille_de_bordeau.jpg;bouteille de bordeau;ma-faluche.fr;insignes;or
ma-faluche.fr/originaux/insignes/bouteille_de_champagne.jpg;bouteille de champagne;ma-faluche.fr;insignes;or
ma-faluche.fr/originaux/insignes/caducée_mercure.jpg;caducée mercure;ma-faluche.fr;insignes;or
ma-faluche.fr/originaux/insignes/caducée_médecine.jpg;caducée médecine;ma-faluche.fr;insignes;or
ma-faluche.fr/originaux/insignes/caducée_pharmacie.jpg;caducée pharmacie;ma-faluche.fr;insignes;or
ma-faluche.fr/originaux/insignes/casque_de_périclès.jpg;casque de périclès;ma-faluche.fr;insignes;or
ma-faluche.fr/originaux/insignes/chameau.jpg;chameau;ma-faluche.fr;insignes;or
ma-faluche.fr/originaux/insignes/chauve_souris.jpg;chauve souris;ma-faluche.fr;insignes;or
ma-faluche.fr/originaux/insignes/chouette.jpg;chouette;ma-faluche.fr;insignes;or
ma-faluche.fr/originaux/insignes/chouette_à_deux_têtes.jpg;chouette à deux têtes;ma-faluche.fr;insignes;or
ma-faluche.fr/originaux/insignes/cigogne.jpg;cigogne;ma-faluche.fr;insignes;or
ma-faluche.fr/originaux/insignes/ciseaux.jpg;ciseaux;ma-faluche.fr;insignes;or
ma-faluche.fr/originaux/insignes/clés.jpg;clés;ma-faluche.fr;insignes;or
ma-faluche.fr/originaux/insignes/clé_de_sol.jpg;clé de sol;ma-faluche.fr;insignes;or
ma-faluche.fr/originaux/insignes/cochon.jpg;cochon;ma-faluche.fr;insignes;or
ma-faluche.fr/originaux/insignes/cocotte_en_papier.jpg;cocotte en papier;ma-faluche.fr;insignes;or
ma-faluche.fr/originaux/insignes/commet.jpg;commet;ma-faluche.fr;insignes;or
ma-faluche.fr/originaux/insignes/coq.jpg;coq;ma-faluche.fr;insignes;or
ma-faluche.fr/originaux/insignes/cornue_et_ballon.jpg;cornue et ballon;ma-faluche.fr;insignes;or
ma-faluche.fr/originaux/insignes/cor_de_chasse.jpg;cor de chasse;ma-faluche.fr;insignes;or
ma-faluche.fr/originaux/insignes/croix_d_ankh.jpg;croix d ankh;ma-faluche.fr;insignes;or
ma-faluche.fr/originaux/insignes/faux.jpg;faux;ma-faluche.fr;insignes;or
ma-faluche.fr/originaux/insignes/fer_à_cheval.jpg;fer à cheval;ma-faluche.fr;insignes;or
ma-faluche.fr/originaux/insignes/feuille_de_vigne.jpg;feuille de vigne;ma-faluche.fr;insignes;or
ma-faluche.fr/originaux/insignes/fleur_de_lys.jpg;fleur de lys;ma-faluche.fr;insignes;or
ma-faluche.fr/originaux/insignes/flêche.jpg;flêche;ma-faluche.fr;insignes;or
ma-faluche.fr/originaux/insignes/fourchette.jpg;fourchette;ma-faluche.fr;insignes;or
ma-faluche.fr/originaux/insignes/glaive_et_balance.jpg;glaive et balance;ma-faluche.fr;insignes;or
ma-faluche.fr/originaux/insignes/globe.jpg;globe;ma-faluche.fr;insignes;or
ma-faluche.fr/originaux/insignes/grappe_de_raisin.jpg;grappe de raisin;ma-faluche.fr;insignes;or
ma-faluche.fr/originaux/insignes/grenouille.jpg;grenouille;ma-faluche.fr;insignes;or
ma-faluche.fr/originaux/insignes/hache.jpg;hache;ma-faluche.fr;insignes;or
ma-faluche.fr/originaux/insignes/hermine.jpg;hermine;ma-faluche.fr;insignes;or
ma-faluche.fr/originaux/insignes/lime.jpg;lime;ma-faluche.fr;insignes;or
ma-faluche.fr/originaux/insignes/lion.jpg;lion;ma-faluche.fr;insignes;or
ma-faluche.fr/originaux/insignes/livre_ouvert_et_plume.jpg;livre ouvert et plume;ma-faluche.fr;insignes;or
ma-faluche.fr/originaux/insignes/lyre.jpg;lyre;ma-faluche.fr;insignes;or
ma-faluche.fr/originaux/insignes/mammouth.jpg;mammouth;ma-faluche.fr;insignes;or
ma-faluche.fr/originaux/insignes/marteau_et_maillet.jpg;marteau et maillet;ma-faluche.fr;insignes;or
ma-faluche.fr/originaux/insignes/molaire.jpg;molaire;ma-faluche.fr;insignes;or
ma-faluche.fr/originaux/insignes/moule.jpg;moule;ma-faluche.fr;insignes;or
ma-faluche.fr/originaux/insignes/nounours.jpg;nounours;ma-faluche.fr;insignes;or
ma-faluche.fr/originaux/insignes/orchidée.jpg;orchidée;ma-faluche.fr;insignes;or
ma-faluche.fr/originaux/insignes/palette_et_pinceau.jpg;palette et pinceau;ma-faluche.fr;insignes;or
ma-faluche.fr/originaux/insignes/palmes_croisées.jpg;palmes croisées;ma-faluche.fr;insignes;or
ma-faluche.fr/originaux/insignes/palme_double.jpg;palme double;ma-faluche.fr;insignes;or
ma-faluche.fr/originaux/insignes/palme_grande.jpg;palme grande;ma-faluche.fr;insignes;or
ma-faluche.fr/originaux/insignes/palme_large.jpg;palme large;ma-faluche.fr;insignes;or
ma-faluche.fr/originaux/insignes/palme_petite.jpg;palme petite;ma-faluche.fr;insignes;or
ma-faluche.fr/originaux/insignes/parapluie_fermé.jpg;parapluie fermé;ma-faluche.fr;insignes;or
ma-faluche.fr/originaux/insignes/pendu.jpg;pendu;ma-faluche.fr;insignes;or
ma-faluche.fr/originaux/insignes/pensée.jpg;pensée;ma-faluche.fr;insignes;or
ma-faluche.fr/originaux/insignes/plume.jpg;plume;ma-faluche.fr;insignes;or
ma-faluche.fr/originaux/insignes/poule.jpg;poule;ma-faluche.fr;insignes;or
ma-faluche.fr/originaux/insignes/quille.jpg;quille;ma-faluche.fr;insignes;or
ma-faluche.fr/originaux/insignes/raquette_de_tennis.jpg;raquette de tennis;ma-faluche.fr;insignes;or
ma-faluche.fr/originaux/insignes/rose.jpg;rose;ma-faluche.fr;insignes;or
ma-faluche.fr/originaux/insignes/sanglier.jpg;sanglier;ma-faluche.fr;insignes;or
ma-faluche.fr/originaux/insignes/soleil.jpg;soleil;ma-faluche.fr;insignes;or
ma-faluche.fr/originaux/insignes/sous_troué.jpg;sous troué;ma-faluche.fr;insignes;or
ma-faluche.fr/originaux/insignes/sphynx.jpg;sphynx;ma-faluche.fr;insignes;or
ma-faluche.fr/originaux/insignes/squelette.jpg;squelette;ma-faluche.fr;insignes;or
ma-faluche.fr/originaux/insignes/taste_vin.jpg;taste vin;ma-faluche.fr;insignes;or
ma-faluche.fr/originaux/insignes/tortue.jpg;tortue;ma-faluche.fr;insignes;or
ma-faluche.fr/originaux/insignes/tête_de_cheval.jpg;tête de cheval;ma-faluche.fr;insignes;or
ma-faluche.fr/originaux/insignes/tête_de_mort.jpg;tête de mort;ma-faluche.fr;insignes;or
ma-faluche.fr/originaux/insignes/tête_de_mort_et_fémurs_croisés.jpg;tête de mort et fémurs croisés;ma-faluche.fr;insignes;or
ma-faluche.fr/originaux/insignes/tête_de_vache.jpg;tête de vache;ma-faluche.fr;insignes;or
ma-faluche.fr/originaux/insignes/voilier.jpg;voilier;ma-faluche.fr;insignes;or
ma-faluche.fr/originaux/insignes/volant.jpg;volant;ma-faluche.fr;insignes;or
ma-faluche.fr/originaux/insignes/éléphant.jpg;éléphant;ma-faluche.fr;insignes;or
ma-faluche.fr/originaux/insignes/épervier.jpg;épervier;ma-faluche.fr;insignes;or
ma-faluche.fr/originaux/insignes/épis_de_blé_et_faucille.jpg;épis de blé et faucille;ma-faluche.fr;insignes;or
ma-faluche.fr/originaux/insignes/épi_de_blé.jpg;épi de blé;ma-faluche.fr;insignes;or
ma-faluche.fr/originaux/insignes/épée.jpg;épée;ma-faluche.fr;insignes;or
ma-faluche.fr/originaux/insignes/équerre_et_compas.jpg;équerre et compas;ma-faluche.fr;insignes;or
ma-faluche.fr/originaux/insignes/étoile_et_foudre.jpg;étoile et foudre;ma-faluche.fr;insignes;or
ma-faluche.fr/originaux/insignes/étoile_grande.jpg;étoile grande;ma-faluche.fr;insignes;or
ma-faluche.fr/originaux/insignes/étoile_petite.jpg;étoile petite;ma-faluche.fr;insignes;or
ma-faluche.fr/originaux/insignes_argent/grenouille_argent.jpg;grenouille argent;ma-faluche.fr;insignes;argent
ma-faluche.fr/originaux/insignes_argent/torture_argent.jpg;torture argent;ma-faluche.fr;insignes;argent
ma-faluche.fr/originaux/insignes_argent/étoile_grande_argent.jpg;étoile grande argent;ma-faluche.fr;insignes;argent
ma-faluche.fr/originaux/insignes_argent/étoile_petite_argent.jpg;étoile petite argent;ma-faluche.fr;insignes;argent
ma-faluche.fr/originaux/lettres_greques/bêta.jpg;bêta;ma-faluche.fr;Lettres greques;or
ma-faluche.fr/originaux/lettres_greques/epsilon.jpg;epsilon;ma-faluche.fr;Lettres greques;or
ma-faluche.fr/originaux/lettres_greques/phi.jpg;phi;ma-faluche.fr;Lettres greques;or
ma-faluche.fr/originaux/lettres_greques/psy.jpg;psy;ma-faluche.fr;Lettres greques;or
ma-faluche.fr/originaux/lettres_greques/rhô.jpg;rhô;ma-faluche.fr;Lettres greques;or
ma-faluche.fr/originaux/potager/betterave.jpg;betterave;ma-faluche.fr;potager;couleurs
ma-faluche.fr/originaux/potager/carotte.jpg;carotte;ma-faluche.fr;potager;couleurs
ma-faluche.fr/originaux/potager/navet.jpg;navet;ma-faluche.fr;potager;couleurs
ma-faluche.fr/originaux/potager/poireau.jpg;poireau;ma-faluche.fr;potager;couleurs
ma-faluche.fr/originaux/x/69.jpg;69;ma-faluche.fr;x;or
ma-faluche.fr/originaux/x/big_bazar.jpg;big bazar;ma-faluche.fr;x;or
ma-faluche.fr/originaux/x/cheval_d_hector.jpg;cheval d hector;ma-faluche.fr;x;or
ma-faluche.fr/originaux/x/diligence_de_lyon.jpg;diligence de lyon;ma-faluche.fr;x;or
ma-faluche.fr/originaux/x/flying_foufoune.jpg;flying foufoune;ma-faluche.fr;x;or
ma-faluche.fr/originaux/x/flying_penis.jpg;flying penis;ma-faluche.fr;x;or
ma-faluche.fr/originaux/x/levrette.jpg;levrette;ma-faluche.fr;x;or
ma-faluche.fr/originaux/x/missionnaire.jpg;missionnaire;ma-faluche.fr;x;or
ma-faluche.fr/originaux/x/priape.jpg;priape;ma-faluche.fr;x;or
ma-faluche.fr/originaux/x/rhinocéros.jpg;rhinocéros;ma-faluche.fr;x;or
ma-faluche.fr/originaux/zodiac/balance.jpg;balance;ma-faluche.fr;zodiac;or
ma-faluche.fr/originaux/zodiac/bélier.jpg;bélier;ma-faluche.fr;zodiac;or
ma-faluche.fr/originaux/zodiac/cancer.jpg;cancer;ma-faluche.fr;zodiac;or
ma-faluche.fr/originaux/zodiac/capricorne.jpg;capricorne;ma-faluche.fr;zodiac;or
ma-faluche.fr/originaux/zodiac/gémeaux.jpg;gémeaux;ma-faluche.fr;zodiac;or
ma-faluche.fr/originaux/zodiac/lion.jpg;lion;ma-faluche.fr;zodiac;or
ma-faluche.fr/originaux/zodiac/poisson.jpg;poisson;ma-faluche.fr;zodiac;or
ma-faluche.fr/originaux/zodiac/sagittaire.jpg;sagittaire;ma-faluche.fr;zodiac;or
ma-faluche.fr/originaux/zodiac/scorpion.jpg;scorpion;ma-faluche.fr;zodiac;or
ma-faluche.fr/originaux/zodiac/taureau.jpg;taureau;ma-faluche.fr;zodiac;or
ma-faluche.fr/originaux/zodiac/verseau.jpg;verseau;ma-faluche.fr;zodiac;or
ma-faluche.fr/originaux/zodiac/vierge.jpg;vierge;ma-faluche.fr;zodiac;or
stadium.fr/originaux/broches/croix_grand_maitre.jpg;croix grand maitre;stadium.fr;broches;couleurs
stadium.fr/originaux/broches/pins_president.jpg;pins president;stadium.fr;broches;couleurs
stadium.fr/originaux/broches/pins_secretaire.jpg;pins secretaire;stadium.fr;broches;couleurs
stadium.fr/originaux/broches/pins_tresorier.jpg;pins tresorier;stadium.fr;broches;couleurs
stadium.fr/originaux/broches/pins_vicepresident.jpg;pins vicepresident;stadium.fr;broches;couleurs
stadium.fr/originaux/chiffres/0.jpg;0;stadium.fr;chiffres;or
stadium.fr/originaux/chiffres/1.jpg;1;stadium.fr;chiffres;or
stadium.fr/originaux/chiffres/2.jpg;2;stadium.fr;chiffres;or
stadium.fr/originaux/chiffres/3.jpg;3;stadium.fr;chiffres;or
stadium.fr/originaux/chiffres/4.jpg;4;stadium.fr;chiffres;or
stadium.fr/originaux/chiffres/5.jpg;5;stadium.fr;chiffres;or
stadium.fr/originaux/chiffres/7.jpg;7;stadium.fr;chiffres;or
stadium.fr/originaux/chiffres/8.jpg;8;stadium.fr;chiffres;or
stadium.fr/originaux/chiffres/9.jpg;9;stadium.fr;chiffres;or
stadium.fr/originaux/insignes/abeille.jpg;abeille;stadium.fr;insignes;or
stadium.fr/originaux/insignes/ancre.jpg;ancre;stadium.fr;insignes;or
stadium.fr/originaux/insignes/bacchus.jpg;bacchus;stadium.fr;insignes;or
stadium.fr/originaux/insignes/balance_droit_science_eco.jpg;balance droit science eco;stadium.fr;insignes;or
stadium.fr/originaux/insignes/bouteille_de_bordeau.jpg;bouteille de bordeau;stadium.fr;insignes;or
stadium.fr/originaux/insignes/bouteille_de_champagne.jpg;bouteille de champagne;stadium.fr;insignes;or
stadium.fr/originaux/insignes/caducee_medecine.jpg;caducee medecine;stadium.fr;insignes;or
stadium.fr/originaux/insignes/caducee_medecinepalme.jpg;caducee medecinepalme;stadium.fr;insignes;or
stadium.fr/originaux/insignes/caducee_mercure.jpg;caducee mercure;stadium.fr;insignes;or
stadium.fr/originaux/insignes/caducee_pharma.jpg;caducee pharma;stadium.fr;insignes;or
stadium.fr/originaux/insignes/chouette.jpg;chouette;stadium.fr;insignes;or
stadium.fr/originaux/insignes/ciseaux_paramedical.jpg;ciseaux paramedical;stadium.fr;insignes;or
stadium.fr/originaux/insignes/cochon.jpg;cochon;stadium.fr;insignes;or
stadium.fr/originaux/insignes/cocotte.jpg;cocotte;stadium.fr;insignes;or
stadium.fr/originaux/insignes/coq.jpg;coq;stadium.fr;insignes;or
stadium.fr/originaux/insignes/cor_de_chasse.jpg;cor de chasse;stadium.fr;insignes;or
stadium.fr/originaux/insignes/dromadaire.jpg;dromadaire;stadium.fr;insignes;or
stadium.fr/originaux/insignes/epee.jpg;epee;stadium.fr;insignes;or
stadium.fr/originaux/insignes/epi_de_ble.jpg;epi de ble;stadium.fr;insignes;or
stadium.fr/originaux/insignes/epi_de_ble_faucille.jpg;epi de ble faucille;stadium.fr;insignes;or
stadium.fr/originaux/insignes/etoilefoudre_ingenieur.jpg;etoilefoudre ingenieur;stadium.fr;insignes;or
stadium.fr/originaux/insignes/etoile_or_grand_modele.jpg;etoile or grand modele;stadium.fr;insignes;or
stadium.fr/originaux/insignes/etoile_or_petie_modele.jpg;etoile or petie modele;stadium.fr;insignes;or
stadium.fr/originaux/insignes/faux.jpg;faux;stadium.fr;insignes;or
stadium.fr/originaux/insignes/fer_a_cheval.jpg;fer a cheval;stadium.fr;insignes;or
stadium.fr/originaux/insignes/feuille_de_vigne.jpg;feuille de vigne;stadium.fr;insignes;or
stadium.fr/originaux/insignes/fleche.jpg;fleche;stadium.fr;insignes;or
stadium.fr/originaux/insignes/fleur_de_lys.jpg;fleur de lys;stadium.fr;insignes;or
stadium.fr/originaux/insignes/fourchette.jpg;fourchette;stadium.fr;insignes;or
stadium.fr/originaux/insignes/grappe_de_raisin.jpg;grappe de raisin;stadium.fr;insignes;or
stadium.fr/originaux/insignes/grenouille_or.jpg;grenouille or;stadium.fr;insignes;or
stadium.fr/originaux/insignes/hermine.jpg;hermine;stadium.fr;insignes;or
stadium.fr/originaux/insignes/lime.jpg;lime;stadium.fr;insignes;or
stadium.fr/originaux/insignes/lion_heraldique.jpg;lion heraldique;stadium.fr;insignes;or
stadium.fr/originaux/insignes/livre_et_plume_lettres.jpg;livre et plume lettres;stadium.fr;insignes;or
stadium.fr/originaux/insignes/lyr.jpg;lyr;stadium.fr;insignes;or
stadium.fr/originaux/insignes/molaire_dentaire.jpg;molaire dentaire;stadium.fr;insignes;or
stadium.fr/originaux/insignes/palette_vernis.jpg;palette vernis;stadium.fr;insignes;or
stadium.fr/originaux/insignes/palme_certificat.jpg;palme certificat;stadium.fr;insignes;or
stadium.fr/originaux/insignes/palme_diplome.jpg;palme diplome;stadium.fr;insignes;or
stadium.fr/originaux/insignes/palme_fin_de_cycle.jpg;palme fin de cycle;stadium.fr;insignes;or
stadium.fr/originaux/insignes/palme_major.jpg;palme major;stadium.fr;insignes;or
stadium.fr/originaux/insignes/palme_science.jpg;palme science;stadium.fr;insignes;or
stadium.fr/originaux/insignes/parapluie_science_po.jpg;parapluie science po;stadium.fr;insignes;or
stadium.fr/originaux/insignes/pendu.jpg;pendu;stadium.fr;insignes;or
stadium.fr/originaux/insignes/plume.jpg;plume;stadium.fr;insignes;or
stadium.fr/originaux/insignes/poule.jpg;poule;stadium.fr;insignes;or
stadium.fr/originaux/insignes/rose.jpg;rose;stadium.fr;insignes;or
stadium.fr/originaux/insignes/sanglier.jpg;sanglier;stadium.fr;insignes;or
stadium.fr/originaux/insignes/sphynx.jpg;sphynx;stadium.fr;insignes;or
stadium.fr/originaux/insignes/squelette.jpg;squelette;stadium.fr;insignes;or
stadium.fr/originaux/insignes/tete_de_cheval_veto.jpg;tete de cheval veto;stadium.fr;insignes;or
stadium.fr/originaux/insignes/tete_de_mort.jpg;tete de mort;stadium.fr;insignes;or
stadium.fr/originaux/insignes/tete_de_mort_sur_femurs.jpg;tete de mort sur femurs;stadium.fr;insignes;or
stadium.fr/originaux/insignes/tete_de_vache.jpg;tete de vache;stadium.fr;insignes;or
stadium.fr/originaux/insignes_argent/etoile_argent_grand_modele.jpg;etoile argent grand modele;stadium.fr;insignes;argent
stadium.fr/originaux/insignes_argent/etoile_argent_petit_modele.jpg;etoile argent petit modele;stadium.fr;insignes;argent
stadium.fr/originaux/insignes_argent/grenouille_argent.jpg;grenouille argent;stadium.fr;insignes;argent
stadium.fr/originaux/lettres/a.jpg;a;stadium.fr;lettres;or
stadium.fr/originaux/lettres/b.jpg;b;stadium.fr;lettres;or
stadium.fr/originaux/lettres/c.jpg;c;stadium.fr;lettres;or
stadium.fr/originaux/lettres/d.jpg;d;stadium.fr;lettres;or
stadium.fr/originaux/lettres/e.jpg;e;stadium.fr;lettres;or
stadium.fr/originaux/lettres/f.jpg;f;stadium.fr;lettres;or
stadium.fr/originaux/lettres/g.jpg;g;stadium.fr;lettres;or
stadium.fr/originaux/lettres/h.jpg;h;stadium.fr;lettres;or
stadium.fr/originaux/lettres/i.jpg;i;stadium.fr;lettres;or
stadium.fr/originaux/lettres/j.jpg;j;stadium.fr;lettres;or
stadium.fr/originaux/lettres/l.jpg;l;stadium.fr;lettres;or
stadium.fr/originaux/lettres/m.jpg;m;stadium.fr;lettres;or
stadium.fr/originaux/lettres/n.jpg;n;stadium.fr;lettres;or
stadium.fr/originaux/lettres/o.jpg;o;stadium.fr;lettres;or
stadium.fr/originaux/lettres/p.jpg;p;stadium.fr;lettres;or
stadium.fr/originaux/lettres/q.jpg;q;stadium.fr;lettres;or
stadium.fr/originaux/lettres/r.jpg;r;stadium.fr;lettres;or
stadium.fr/originaux/lettres/s.jpg;s;stadium.fr;lettres;or
stadium.fr/originaux/lettres/t.jpg;t;stadium.fr;lettres;or
stadium.fr/originaux/lettres/u.jpg;u;stadium.fr;lettres;or
stadium.fr/originaux/lettres/v.jpg;v;stadium.fr;lettres;or
stadium.fr/originaux/lettres/w.jpg;w;stadium.fr;lettres;or
stadium.fr/originaux/lettres/x.jpg;x;stadium.fr;lettres;or
stadium.fr/originaux/lettres/y.jpg;y;stadium.fr;lettres;or
stadium.fr/originaux/lettres/z.jpg;z;stadium.fr;lettres;or
stadium.fr/originaux/lettres_greques/beta.jpg;beta;stadium.fr;Lettres greques;or
stadium.fr/originaux/lettres_greques/epsilon.jpg;epsilon;stadium.fr;Lettres greques;or
stadium.fr/originaux/lettres_greques/phi.jpg;phi;stadium.fr;Lettres greques;or
stadium.fr/originaux/lettres_greques/sigma.jpg;sigma;stadium.fr;Lettres greques;or
stadium.fr/originaux/potager/betterave.jpg;betterave;stadium.fr;potager;couleurs
stadium.fr/originaux/potager/carotte.jpg;carotte;stadium.fr;potager;couleurs
stadium.fr/originaux/potager/navet.jpg;navet;stadium.fr;potager;couleurs
stadium.fr/originaux/potager/poireau.jpg;poireau;stadium.fr;potager;couleurs
